,3D RMSE,3D RMSE,3D RMSE,3D RMSE,3D Mean Error,3D Mean Error,3D Mean Error,3D Mean Error,3D STD,3D STD,3D STD,3D STD,2D RMSE,2D RMSE,2D RMSE,2D RMSE,2D Mean Error,2D Mean Error,2D Mean Error,2D Mean Error,2D STD,2D STD,2D STD,2D STD,U RMSE,U RMSE,U RMSE,U RMSE,U Mean Error,U Mean Error,U Mean Error,U Mean Error,U STD,U STD,U STD,U STD,TEC RMSE,TEC RMSE,TEC RMSE,TEC RMSE,TEC Mean Error,TEC Mean Error,TEC Mean Error,TEC Mean Error,TEC STD,TEC STD,TEC STD,TEC STD,TSS,TSS,TSS,TSS,ME,ME,ME,ME,R,R,R,R,dSTD,dSTD,dSTD,dSTD,TEC TSS,TEC TSS,TEC TSS,TEC TSS,SSIM,SSIM,SSIM,SSIM
,quiet phase,main phase,recovery phase,main+recovery,quiet phase,main phase,recovery phase,main+recovery,quiet phase,main phase,recovery phase,main+recovery,quiet phase,main phase,recovery phase,main+recovery,quiet phase,main phase,recovery phase,main+recovery,quiet phase,main phase,recovery phase,main+recovery,quiet phase,main phase,recovery phase,main+recovery,quiet phase,main phase,recovery phase,main+recovery,quiet phase,main phase,recovery phase,main+recovery,quiet phase,main phase,recovery phase,main+recovery,quiet phase,main phase,recovery phase,main+recovery,quiet phase,main phase,recovery phase,main+recovery,quiet phase,main phase,recovery phase,main+recovery,quiet phase,main phase,recovery phase,main+recovery,quiet phase,main phase,recovery phase,main+recovery,quiet phase,main phase,recovery phase,main+recovery,quiet phase,main phase,recovery phase,main+recovery,quiet phase,main phase,recovery phase,main+recovery
Madrigal TEC,2.168452772430267,6.572891017770848,2.270333167892729,4.917179528181095,1.8120564141706292,5.067803282888415,1.9099271166185892,2.3996459589845998,1.1910663197839118,4.185721708073541,1.2274327282742776,2.3014376944483477,1.1495159534032025,3.255819658067759,1.2059829389237056,2.455071943430121,0.9569031054465038,2.625721738291526,0.9978436020114897,1.2502925754472274,0.6369641857399143,1.9250836342672968,0.6772761585201366,1.14433673005038,1.838695325259744,5.709862930546778,1.9235430445557427,4.260431464645982,1.3800829527637466,3.9599641409060684,1.4635025721349433,1.8506502008255128,1.214978000880235,4.113540894213925,1.248270029125582,2.1811171330587635,0.0,0.0,0.0,0.0,0.0,0.0,0.0,0.0,0.0,0.0,0.0,0.0,1.0,0.9999999999999999,1.0,1.0,0.0,0.0,0.0,0.0,1.0,1.0,1.0,1.0,0.0,0.0,0.0,0.0,1.0,1.0,1.0,1.0,1.0,1.0,1.0,1.0
Klobuchar,2.8703553071614025,9.12105484825454,5.8331000902452335,7.655674307586707,2.5359993633120648,7.719670815274873,5.0371097108267024,5.453117384806594,1.344487567302288,4.858016472662583,2.941527226444498,3.45160253685256,1.4510664950719723,7.288358149099489,2.236927192722204,5.39091864968694,1.2519505866481213,5.98594317443357,1.5386585941087887,2.228337017731549,0.7336304939899131,4.157962099634517,1.6236911640811518,2.738643187541531,2.4765592292996277,5.483928977961214,5.387134061565472,5.435746978686627,1.9839990989242593,3.9591525921158075,4.493674600206545,4.410781704716424,1.4822594886513283,3.7945471123265033,2.9712122079611585,3.1191988819191105,6.775982032646776,25.546742322278792,17.117778126875475,21.74458980162475,2.147680990541753,-6.316263980737175,13.827018681466988,10.675768939833821,6.4266164402131185,24.753602820732027,10.091178443734876,15.339670748449512,0.08110496863799738,0.0015862064576237724,0.10499714484966044,0.03880903614397511,2.2116381436192363,-6.327122929101797,13.908470952830877,10.772599682096018,0.914910962690062,0.8133245300141637,0.6336617100089597,0.6515508637324446,3.3956507572055727,-22.77208681773208,4.679786608634851,-6.058194814407424,0.7880020519539085,0.1671863261623959,0.3676268992747796,0.4106665783357211,0.7451444657536482,0.49780464483599585,0.7436447853879419,0.7450928979733572
IRI2020,3.0462379563798687,11.949270131206953,3.7839976685188037,8.86294801473838,2.654511592578192,10.782173403342421,2.687581134823532,3.94287955910602,1.4943673884816233,5.150708045386566,2.6637466094012043,4.323741156680136,1.2302045100572006,7.262881475271859,2.1609757878536064,5.358136974711291,1.0638831476866593,5.85775010123461,1.44664240811431,2.1307110248931345,0.6177020192887523,4.293740918515348,1.6053168219185703,2.754271418367333,2.786783549241728,9.488709572155082,3.1062553017526153,7.0599019591058605,2.246832746178557,8.132865852785216,2.047190949952237,2.990949185426591,1.6486070365687653,4.887954824393096,2.336200165675,3.62895567073303,7.80059451213526,42.72371237045665,6.675368415285758,30.576757040220134,-6.33542275047619,-32.9397077124183,-3.28687118961039,-7.925811872626351,4.5510101423204325,27.208293855623523,5.810079281963706,16.134634468931466,0.08033098155195173,0.014856568992263813,0.08588981468635774,0.03695864812493116,-6.300821699108326,-32.957807386339155,-3.2508845659274517,-7.883743997151397,0.9414771192005146,0.6177990168683917,0.7196571646066157,0.6999061393581559,-2.9746423010209675,-23.98750063095545,-2.541957170496473,-13.315254555514336,0.8149127937437125,0.08030772059468748,0.4804747247982014,0.19434404471108682,0.7995485110908453,0.37501432765012815,0.7305352023624139,0.7159522906927482
IRTAM,3.544780902710407,10.394495088188924,3.8250961146522013,7.831886376369069,3.030226300881512,9.374430287851563,2.8370375881077003,3.850846938583989,1.8393477685490434,4.490610750955252,2.5656535249311063,3.780062355388157,1.4123857511696405,7.087590416409733,2.191155632862747,5.24571734456829,1.2310936316269008,5.798563077840331,1.451632713392742,2.1257483511941753,0.6922730532634637,4.075610892012379,1.6413182119364236,2.707028924774374,3.251251780178425,7.603393336372949,3.1353145422590707,5.815573381297057,2.5732602464381724,6.357019341335744,2.188222633551354,2.834713562993634,1.9872015102184122,4.171318175527231,2.245412876269034,3.0389934054937378,10.52911176885715,35.912082786825195,7.005410963231164,25.87231602361436,-8.56390579809524,-25.72950961718021,-2.0804187151515157,-5.780123120070114,6.12549688779914,25.053343588176364,6.689367737941061,14.482674233637308,0.06315896693474897,0.019953174806950146,0.09649310675238273,0.058576379585518853,-8.537188612407512,-25.761415298427067,-2.04570542891525,-5.731625427170215,0.896694514209677,0.7260138651717994,0.6334141406800284,0.7593358375815429,-4.502860241567514,-21.677945460995407,-1.3698296752925163,-10.96649976173217,0.6427201937520299,0.16935799528423953,0.430922557698896,0.3418521564419588,0.7707718017052202,0.47780331471400955,0.7458019362481276,0.7434024956759675
GloTEC,2.87938189172418,7.099401249065166,2.830464317435197,5.404305059279225,2.3826334434223795,5.683587491811339,2.369609207284423,2.8807403896795227,1.6167553781182638,4.254213360675946,1.548056994114489,2.5001753446599992,1.3266589967723996,3.397398725218557,1.3572953177219094,2.586944981790927,1.0892287360454576,2.7545649306854507,1.1080992472342968,1.3620417535822151,0.7573670538714805,1.9886402743469034,0.7838154360489482,1.2178595972595703,2.5555461225874923,6.233713178925654,2.4838030664213453,4.744916104098972,1.955178565220766,4.564046392493908,1.9118155547999849,2.3208821713148744,1.6456283793047675,4.246017018839506,1.5856351904485815,2.413443215928411,8.299618955950988,14.799992157239197,5.863116710298379,11.25646270843824,6.311683771428572,7.778509505135388,4.349118219913421,4.88561808355244,5.389464053453382,12.591050700114751,3.9320870117276416,6.276620829499938,0.2993801268099796,0.6507087235956792,0.5197669852142797,0.7015111203418576,6.311683771428584,7.778509505135382,4.349118219913416,4.885618083552448,0.9064645517327825,0.9265610801784658,0.8830200962098684,0.9562027260852072,1.1053272948952184,2.4759582569630254,-0.7424355003536904,1.2395850255617944,0.8189076475347034,0.8559513583286996,0.7790253975652013,0.9119958286088592,0.793966722170422,0.7084429364180348,0.8536239819372236,0.8559880492322984
GIS,2.482920434788278,10.150029912135555,3.6810755489976037,7.634573479071193,2.1872154763883,8.612322013082483,3.2433179653350046,4.075935303217231,1.1751520520071903,5.371314248880002,1.7410358333943685,3.2882181693255492,1.1873097319609673,4.417137598369518,1.7450430156330659,3.3582941867367233,1.0318292045708728,3.6811913701801573,1.3812835490200677,1.7379499084414631,0.5873950052595484,2.441297740760181,1.066410279215401,1.6056829162568649,2.1806396964835764,9.138490173672936,3.241163690870652,6.856279775699612,1.7549860905263617,7.2428003235349285,2.716158457391877,3.418143493464908,1.2943003159773152,5.5725977898749495,1.7685093455667271,3.1848445600009896,7.744164685810212,25.111875741822953,11.428225976210596,19.50910879866236,5.9767872761904774,20.421811391223155,10.137796225108227,11.74664522348817,4.9244391087836155,14.613552708840656,5.275361282558387,8.416759446964475,0.2284745873357415,0.3714399487339561,0.3908396656136321,0.5139089031608038,6.0094214122557545,19.961117302305546,10.224690527763455,11.82603832735289,0.9278524480576149,0.8876651994400928,0.8346976654434656,0.934612257391267,1.4602559524034895,-0.39481555036631377,1.2406910979921086,3.019451425368082,0.8512151371363609,0.7934571029249629,0.69577816752388,0.8580968828782227,0.8390298094554731,0.6840798317428652,0.8297507152791331,0.8348500603530139
NEDM,3.9090665688425985,9.069601915685165,8.034052745732017,8.567487450536593,3.4966399907677856,7.596547431175605,7.309411787320086,7.353940365296927,1.7476584948456915,4.9548103934357925,3.3344419090142106,3.6348680141516723,1.2901756489869065,6.950077700573913,2.1094041056701696,5.135813748814926,1.1227060338449988,5.551668160960183,1.487423861001172,2.117700955121563,0.6356763066269016,4.181215215053602,1.4957125187490177,2.6011039965292455,3.690020085907943,5.827014575662673,7.752187938910277,6.857496507661203,3.177010396503969,4.268788395369059,6.940800803811729,6.526429006264063,1.876926523577777,3.9663011106757513,3.452781783141303,3.6671555007605345,14.493627549113787,25.245762183574183,29.304860128475077,27.350716036139453,12.796148571428573,4.365635854341738,26.615168484848493,23.13441338007596,6.806160538097567,24.865432467923622,12.264078998139903,16.99804197586275,0.14759787001233524,0.024112710281666373,0.15892702753811203,0.06296338967654935,12.850988856763443,4.256037815126042,26.68887357744542,23.20571787576797,0.9139037594393041,0.7451898028971906,0.6387829490501001,0.5810200092064947,3.888990143855194,-21.726682807256573,7.396862333232525,-4.116362264351352,0.7727555541045503,0.17503623868033305,0.30862690172845697,0.3713130140744884,0.7739135416653189,0.4389521114927621,0.7916301029567844,0.7676269817637301
CTIPe,3.2179475928635415,10.751547013625874,3.553157029011713,8.006893531795663,2.7183821616154247,9.702563639271618,2.7369083134999665,3.8171327231398124,1.7220874350123223,4.632064551805355,2.265890058301617,3.744729766652205,1.4262469007754868,6.357464451696035,2.097404653938136,4.733733227429489,1.2116926237892214,5.154122929818457,1.5281915377371151,2.0904960753897512,0.7523172252623691,3.721877359465031,1.4365712326056161,2.3695133754223456,2.8846154836380853,8.670548363951886,2.868068791095149,6.457717380084176,2.2398592542417504,7.416708008235434,2.0247236370435915,2.860905282811823,1.8177010231697002,4.491197084542727,2.031332760541946,3.2286152970847892,9.047163595503385,40.09436900686112,5.825496990723306,28.648689684235727,-4.513668618791603,-31.79453537711381,-1.1862346897546896,-5.974649827961181,7.840788526898147,24.426746533498964,5.703443034672031,15.633940807005644,0.2032385422089863,0.1168591234649353,0.2203562025897853,0.17563573422448706,-4.549916074371559,-31.836428861715632,-1.143679972494411,-5.932353858363021,0.7487249886240726,0.7492605486062833,0.7352672446699012,0.7457528377524463,-4.214978545646016,-21.040094348156643,-2.8323325951634484,-13.107631610748843,0.48017386268208617,0.19947658500661417,0.47884710843678074,0.2260393359326691,0.7827301288898939,0.5014559589433583,0.7130478674474526,0.7216402325645729
SAMI3-TIEGCM,2.4239790128199115,8.726440248945783,4.818243928449855,7.048625184121565,2.0820295769981176,7.444828991531302,4.164933590015579,4.673574661657605,1.2413005659776488,4.55250268591639,2.422561195265013,3.0955283855230773,1.314349579646511,6.572472677076655,1.9028279367222307,4.838292635201493,1.1376060783653725,5.328289433955872,1.494654013623881,2.0891682251384895,0.6583063329356008,3.8479512469512103,1.1776092460271375,2.322415648430293,2.036703080243763,5.740501922959506,4.426592413727891,5.125821042758683,1.5415400168366502,4.343203784804515,3.644445930207541,3.7528082102413,1.3310949678988688,3.753657311364681,2.5125155241444808,2.7536863154343494,4.941805855231406,26.071639173632786,14.56597421405894,21.117504279681494,-0.4604048388648379,-14.14798407668342,10.715310933286691,6.82565435197235,4.920312235534372,21.89897065539876,9.866595988871575,15.450707734901972,0.12370777965148415,0.20607108179133948,0.43802542706672953,0.2689825840896638,-0.4127130053408301,-14.271998256826691,10.805621915794239,6.904445577838143,0.909102429334842,0.7752558967629588,0.658797721002688,0.6458724596361664,-0.25763271997212556,-16.77590722846125,4.747367811685949,-5.985503492924437,0.8297945509736909,0.356749728959197,0.38912448213319123,0.40658319679200533,0.7646243304108029,0.5176409836952994,0.7893016414113024,0.7772998925256166
SAMI3-HWM,6.870876787235592,9.44808593366779,10.663921461888085,10.074362231806246,6.365635704764942,8.062622824706756,9.428997686604434,9.217102260572915,2.5860452238107876,4.925488909386434,4.981287340771003,4.997211999266587,1.9426439321988727,5.203056771403266,3.5086303650055304,4.437470383263656,1.7529554683964235,4.268612591507727,2.9755954241181892,3.176114645592714,0.8372649360436478,2.9750203881767026,1.8591177773895196,2.124134106437245,6.590529749425591,7.886350743121039,10.070190361014953,9.044425408797512,5.980574528565276,6.3023793913792225,8.632469528697504,8.271122539589996,2.7690811989430704,4.7407322272666095,5.185480088013796,5.188061664868698,28.184713680415005,21.208099506033765,37.12113678686641,30.230467090396356,26.09634736084656,11.954772951550996,29.80843812602214,27.015380077255177,10.647006136422053,17.5176165140893,22.12319626176011,22.426314156003233,0.44862131147044815,0.6129088702206218,0.6179257655217826,0.6486399347077406,26.199114803769064,11.75771490914314,30.037759746337358,27.210972215196417,0.8393283231244328,0.8320803571279234,0.5997109231338642,0.5996200618502827,6.730040575744269,-1.8196556616754584,17.813243276858756,7.516872058502397,0.5864019048594604,0.7014804694388682,0.1382273940743556,0.37106564971182737,0.7778371964733092,0.6072761081126014,0.5923452121373574,0.6248374078143026
SAMI3-WACCMX,9.362005173770328,14.307549912217826,8.914126017803074,11.919891508564117,8.637919135509009,12.839127336649891,7.781441766646814,8.565780287849467,3.6101930533019497,6.3136988939839185,4.3486557340813015,5.050916854389527,1.856067092712704,7.769044065680295,3.032307969052927,5.8971576761039755,1.5882714049980782,6.529369388226766,2.4072186589769013,3.046475797920063,0.9604056417558253,4.2101521452994355,1.8439603973663132,2.801461108616928,9.176173266730059,12.014488703066899,8.382526530950669,10.358925857399834,8.429297756929161,10.174098355896948,7.1771671736715295,7.641926902025179,3.626168107807534,6.390278666901562,4.330706917266931,4.832815649635802,35.450689845668116,39.72644311489844,30.392387023490404,35.368682980476436,32.867235479365085,28.958876439464678,26.242338239538245,26.667318141980726,13.285188838617314,27.19510540382367,15.330912324688859,17.746587163215374,0.5113067782523587,0.6739301780227507,0.654385624494075,0.7421742772065761,32.946481704420435,28.758115348703576,26.348554329264807,26.791856477591697,0.9321817665860229,0.727340642543955,0.7025935375388151,0.7847947870338655,11.806288650103088,8.498241615354523,11.643582157146215,8.258468318794804,0.5531844394348683,0.5250341769514775,0.2660352650869003,0.5651875988856885,0.7508054561536612,0.5677558982999004,0.5960679607063579,0.6262341958733292
SAMI3-MSIS-WACCMX,5.92009458956558,10.573338066170441,8.264864201440915,9.489558949966758,5.339257698289063,9.133505199664596,7.258353037803315,7.549148907437286,2.5573124917898973,5.326777696621917,3.952757448525143,4.249977518849484,1.4393586228723445,7.677167457024643,2.744020941660773,5.76491765298825,1.2473112545075,6.168963487260922,2.2786116894105457,2.8819217872508482,0.718309041858655,4.569769103142937,1.5289145486764464,2.6826571400472097,5.742453021502806,7.270252932211555,7.796045750249719,7.537735304397378,5.097885835933742,5.739636384678338,6.6699360418101,6.525666524211443,2.6433551989758928,4.46241547483056,4.0361222154624254,4.118921222030885,21.787826335999224,24.762462156009523,29.53380109535074,27.252751596559406,19.70104157460318,8.637929411764707,25.26759482828284,22.666021404226317,9.304748106392706,23.207018496678415,15.290325658189074,17.831662017861614,0.36665956916277065,0.6157498635627707,0.6630241240533791,0.6692700207037162,19.776401289571893,8.491741356029586,25.30842452581514,22.71292820046524,0.9244081550931031,0.6727324593893338,0.507247160513641,0.6169278315992571,7.30257065329058,-6.626064392725105,9.324715195497783,0.34270709351842754,0.6828320812649964,0.46228647913276527,0.19212076058725427,0.4270635997549349,0.8121506079381664,0.6029071907659377,0.5923593096804667,0.6288451983288283
TIEGCM-Weimer,3.712397755233173,10.221623025266453,4.313714501502989,7.84505290202476,3.2471064633906503,9.45275738649643,3.5522330722732,4.467278404808548,1.7994990159672115,3.8893386407838646,2.447401274970184,3.459580048666973,1.5259245481398844,7.17864787785627,2.4550682486152806,5.364715531116681,1.3503503646125303,5.973430427438873,1.7623125933196129,2.415367053171367,0.7106332523930433,3.9813457878960703,1.7092730702804633,2.692640514278892,3.384294810805405,7.27657831102002,3.5469384961003017,5.724044226398196,2.7309505099458486,6.060137264488739,2.7750961124554925,3.2845358526000554,1.9988398331709551,4.027819292366768,2.2089848939620857,2.8377427211617294,10.786151770913158,34.5821225133912,12.73960475853848,26.05974603612795,-6.761903125727321,-13.159012368502959,9.260143578223794,5.752852310484336,8.403435972472936,31.980675274558923,8.749129688972317,17.055919640191792,0.08897220616969713,0.01652236517620426,0.23609483689303795,0.08836083980410601,-6.7616999928835,-13.029923692810463,9.341699096483145,5.868218393581813,0.715249123766714,0.06186549949810652,0.5376661526464044,0.5352113501147576,-1.2399341301958913,-21.002420492511135,1.3472181341827767,-8.744359859411928,0.5336351654434688,0.02720253067689968,0.3420771723761021,0.2544809122332761,0.710560867859932,0.43552811126252794,0.7701412445246694,0.7476982961407818
TIEGCM-Heelis,3.619343644967957,10.081708226899014,4.243551843803274,7.734616119219141,3.1733352903430565,9.216131190148694,3.4453815167689275,4.340301573470904,1.7405721919625425,4.087024181270727,2.4773127487164865,3.4841389024128486,1.5226644546111765,7.117711114046353,2.2992313696689886,5.289058346921914,1.3453348924472694,5.8814335106568585,1.6091892378747579,2.27172310318513,0.7131487001321979,4.008809220047957,1.6422469022586046,2.6762822037576366,3.2834648435811813,7.139960032752581,3.5666885706178864,5.643593563904136,2.6502189702575216,5.88822172330304,2.7509801865026158,3.237499362157124,1.9384222421136093,4.038300905891787,2.2701047053486927,2.8588157038042747,10.409099166079628,33.607969999351994,12.251978241218755,25.29433353837021,-6.22186907751804,-13.95376517839459,8.690157681017977,5.147703491355272,8.34492004943753,30.574304322806203,8.63667356696675,16.638171197061624,0.09202688169718315,0.012167709380454745,0.22625291289571758,0.08210927017799993,-6.155973620369885,-13.833460194086967,8.793331326779915,5.2795200036907275,0.7265724802740227,0.18354776850769872,0.5983276440712105,0.5659922328342829,-0.8039985872170039,-22.792412729657244,2.1436150769421154,-8.429300995937949,0.5523105596654888,0.02996151271933851,0.38825018444537746,0.2830006797933817,0.7154926432434895,0.45404032451622556,0.8026692687340067,0.7752604041164547
WAMIPE,4.727707688242589,10.05811803553966,4.34764772070915,7.748153945303208,4.211939934594628,9.046300541617772,3.303533072502338,4.194113686801814,2.1472731481660814,4.396610618143733,2.826430601000268,3.750839119185383,1.3161536190419394,6.71154545999426,2.3948206666055842,5.038849496004552,1.1411488039992426,5.376323847042798,1.6069968624809954,2.191538994729943,0.6557741654321958,4.017459937981769,1.7755920446931077,2.651115676618949,4.54081046031993,7.4913881193860625,3.6286188389229124,5.885905649662789,3.9284299831122773,6.202509487374039,2.5973125705800304,3.156401633840247,2.277366352683591,4.201163173969048,2.5339380594034293,3.1409003399477107,15.268222322189093,36.23935865404887,11.01850168778184,26.783376328428393,-13.81292373448773,-24.52060745409275,-2.471041643053916,-5.9205135950875984,6.505516949867916,26.683907617496313,10.737845810121538,16.517119522327803,0.07417346257301116,0.07533983574525958,0.5225955264637862,0.28927054580077666,-13.789096346435326,-24.5243821329814,-2.433155602309842,-5.862318355520152,0.8807516480004881,0.5987639333818767,0.2505948173561124,0.5754810746476977,-4.832062175701819,-22.230484473555833,0.7897157802423074,-9.248035590605856,0.5945685190542676,0.11230961690582526,0.1516500002194248,0.270005731425351,0.7580035936344995,0.4788309382067593,0.6855069683201288,0.7031872254797737
WACCMX-Heelis,2.7103820472345515,10.707432004844009,5.185028688455311,8.412301190472858,2.28061200418121,9.086460954146343,4.076590402749303,4.853513840419055,1.4645749309461498,5.66439118238948,3.2040494984186623,4.115620115765478,1.19062559918918,7.267179851821635,2.7590987073653905,5.496568414734214,1.025435562084156,5.938374850663666,1.914430874751699,2.5384582532403948,0.6050382016515522,4.188986408634861,1.9868518069505867,2.859771591049999,2.4348678659275875,7.863663086605088,4.389976859064207,6.368245204244051,1.8793976230685518,6.185401052021347,3.3421231160418103,3.783054522474212,1.548045896907144,4.855719407594375,2.8464205417222193,3.4002000176459126,9.37324262354207,32.35634636089697,14.479684534795162,25.065857396601423,5.8077890227576985,19.99334864612512,9.527679584415583,11.164946830265851,7.357123347268347,25.44010927140089,10.903420837695693,14.696580505209596,0.24690121745646937,0.27999134357284206,0.6230663177421664,0.504615189663878,5.848699428571429,19.933781038569258,9.624423035929171,11.316325315339554,0.9022045263566699,0.5764098660935899,0.7562860569923922,0.7978473984608884,4.2518117057773015,-10.711912789101486,7.407914054373444,4.200768839203917,0.744670791132296,0.32338674644574067,0.4079008411637653,0.6304883433280041,0.8298134787005571,0.5085112101618995,0.7444557713868467,0.7399331057027744
GITM,2.9872912070263213,12.24728311159379,4.326599066873222,9.184644878845294,2.6274432481854344,10.458579285249549,3.120892936423032,4.258811414094104,1.4214255988765454,6.372916361421936,2.9965791771373342,4.576042447821241,1.4714285777865699,7.7135207402506865,2.4046767265046887,5.713180916497859,1.2868944696728752,6.312237800232187,1.585056838771533,2.318141670641085,0.713445641553985,4.433289542044082,1.8083320980552495,2.956160257308679,2.599770508342951,9.513019573471553,3.5968026532567685,7.191471710704549,2.0656805935046965,7.605725539651145,2.4640305016042605,3.2613976160052376,1.5785342510277844,5.714059889496364,2.620218123294087,3.785268875963958,6.952939245469536,42.32766021391636,8.23214498727095,30.490974322545068,-3.0714798095238103,-30.09592740429505,-5.564703766233767,-9.402410531697344,6.23773804602903,29.763500682214097,6.066488530073552,15.781220324530548,0.14630901984211198,0.08520346622328571,0.18434985146632998,0.12654265030422904,-3.0348164458356983,-30.380072074983847,-5.539862712738525,-9.403515153613986,0.8747694716677413,0.3325550483239474,0.6890661249881292,0.6465898577427583,1.17701168386718,-15.120494148541523,-2.8642339303630404,-10.642469220685948,0.7648606287570876,0.1299889029417899,0.4285724912166619,0.2755014528012624,0.7364974567989636,0.44049323382579547,0.6331108953119081,0.6631500759593747
GITM-FTA-MSIS,4.206004006232996,13.13621542102361,4.64238114380406,9.851696764311358,3.713011774986414,11.749003809182796,3.3885100163506374,4.685043232429935,1.975857600957179,5.875462967234722,3.1732794634949646,4.7979416223452995,1.5356504395565007,7.70522619787954,2.3957567630259056,5.70570596981975,1.3499103338107055,6.274145953554082,1.5760256174630536,2.3046032852201863,0.7320958702117805,4.472762380675965,1.8043818112263732,2.957270695628036,3.9156413814262843,10.639062215583163,3.976437125966299,8.031242028597203,3.2851056273397226,9.12124782519736,2.7770692976622646,3.7609152753649644,2.1308046473477598,5.476539321358126,2.8460390602984944,4.094965680348178,11.590426961916622,46.80969525962939,9.930459057655856,33.83608715111091,-10.081848476190473,-36.29096335200747,-7.142222640692642,-11.702301709027164,5.717895457479052,29.565411366707224,6.899469026422009,17.000873371859864,0.10183577800146476,0.039868131560276715,0.07954000355778282,0.05943505189852214,-10.060941137545054,-36.44716250538678,-7.1325993467423086,-11.703444484920976,0.873932840504249,0.3013503909559373,0.5922783328477301,0.627529999805459,-2.2565373042089902,-20.982376749669935,-4.9001602657027155,-14.036722523068207,0.736526823169964,0.06167365195092202,0.20140499171800458,0.13707917913221565,0.6530585941138702,0.38429252480563086,0.5745687227884858,0.6174061172669584
